fgregr,Yes,Flowery
ewfe,Flowery,Nerves
ewgew,Flowery,Nerves
greg,Flowery,Nerves
test,Flowery,Nerves
test,Flowery,Nerves
test,Flowery,Nerves
test,Flowery,Nerves
test,Flowery,Nerves
test,Flowery,Nerves
test,Flowery,Nerves
test,Flowery,Nerves
test,Flowery,Nerves
test,Flowery,Nerves
test,Flowery,Nerves
test,Flowery,Nerves
t,Flowery,Nerves
t,Flowery,Nerves
test,Flowery,Nerves
t,Flowery,Nerves
t,Flowery,Nerves
r,Flowery,Nerves
r,Flowery,Nerves
h,Flowery,Nerves
h,Flowery,Nerves
f,Flowery,Nerves
f,Flowery,Nerves
f,Flowery,Nerves
f,Flowery,Nerves
g,Flowery,Nerves
j,Flowery,Nerves
g,Flowery,Nerves
ki,Flowery,Nerves
f,Flowery,Nerves
j,Flowery,Nerves
f,Flowery,Nerves
g,Flowery,Cold
t,Sweet,Nerves
g,Sweet,Nerves
g,Sweet,Nerves
g,Sweet,Nerves
test,Earthy,Stomach
gkr,Flowery,Weight
fje,Fruity,Stomach
kjde,Sweet,Stomach
hello,Sweet,BloodPressure
hk,Sweet,BloodPressure
tre,Sweet,BloodPressure
ger,Herbal,BloodPressure
greg,Flowery,Nerves
ge,Flowery,Stomach
rege,Flowery,Cold
reg,Flowery,BloodPressure
ergre,Flowery,Weight
greg,Herbal,BloodPressure
dgf,Earthy,BloodPressure
gh,Sweet,Blood Pressure
kksd,Earthy,Stomach
ds,Herbal,Nerves
Christen,Sweet,Nerves
Christen,Sweet,Nerves
Christen,Spicy,Stomach
Penelope,Earthy,Stomach
test,Herbal,Stomach
greg,Flowery,Blood Pressure
test,Sweet,Stomach
few,Spicy,Stomach
test,Flowery,Nerves
test,Flowery,Nerves
test,Flowery,Nerves
test,Flowery,Nerves
test,Flowery,Nerves
wee,Herbal,Nerves
test,Flowery,Nerves
test,Flowery,Nerves
name,Flowery,Cold
name,Flowery,Cold
name,Flowery,Blood Pressure
name,Flowery,Blood Pressure
name,Herbal,Stomach
h,Flowery,Cold
kjg,Spicy,Cold
sfb,Sweet,Nerves
name,Flowery,Nerves
name,Flowery,Nerves
name,Flowery,Nerves
b,Flowery,Weight
name,Flowery,Nerves
name,Flowery,Nerves
name,Sweet,Stomach
name,Flowery,Nerves
name,Flowery,Nerves
name,Flowery,Nerves
name,Flowery,Nerves
name,Flowery,Nerves
name,Flowery,Nerves
name,Flowery,Nerves
name,Flowery,Nerves
name,Flowery,Nerves
name,Flowery,Nerves
name,Flowery,Nerves
name,Flowery,Nerves
name,Flowery,Nerves
name,Flowery,Nerves
name,Flowery,Nerves
name,Flowery,Nerves
name,Flowery,Nerves
name,Flowery,Nerves
name,Flowery,Nerves
name,Flowery,Nerves
name,Flowery,Nerves
name,Flowery,Nerves
name,Flowery,Nerves
name,Flowery,Nerves
name,Flowery,Nerves
name,Sweet,Cold
name,Flowery,Blood Pressure
name,Spicy,Blood Pressure
Christen,Fruity,Stomach
hgfbrj,Flowery,Nerves
Christen,Fruity,Stomach
vjkr,Flowery,Stomach
vjkr,Flowery,Stomach
gregr,Flowery,Nerves
gregr,Flowery,Nerves
htht,Flowery,Nerves
feht,Flowery,Nerves
feht,Flowery,Nerves
bhtrh,Flowery,Cold
hth,Flowery,Weight
nytj,Flowery,Stomach
name,Earthy,Blood Pressure
ud,Earthy,Weight
ud,Earthy,Weight
gth,Earthy,Weight
gth,Earthy,Weight
greg,Flowery,Nerves
greg,Flowery,Nerves
greg,Flowery,Nerves
greg,Flowery,Nerves
yug,Flowery,Nerves
egregegr,Earthy,Nerves
regre,Earthy,Nerves
rbtrt,Earthy,Blood Pressure
gregr,Earthy,Nerves
gregr,Earthy,Nerves
hrtrh,Flowery,Nerves
final test hopefully,Herbal,Cold
fghj,Flowery,Nerves
vjhv,Flowery,Stomach
hvh,Flowery,Cold
bjhb,Flowery,Blood Pressure
bh,Flowery,Weight
b,Sweet,Nerves
bhy,Sweet,Stomach
b,Sweet,Cold
b,Sweet,Cold
ytj,Sweet,Weight
bui,Herbal,Nerves
ub,Herbal,Stomach
uih,Herbal,Cold
yub,Herbal,Cold
uih,Herbal,Blood Pressure
jj,Herbal,Weight
uyj,Spicy,Nerves
juy,Spicy,Stomach
hyth,Spicy,Cold
jyt,Spicy,Blood Pressure
jyt,Spicy,Weight
jyt,Earthy,Nerves
yt,Spicy,Weight
tyjtt,Earthy,Nerves
ytj,Earthy,Stomach
tyj,Earthy,Cold
tyj,Earthy,Weight
65h,Fruity,Nerves
uyj,Fruity,Stomach
uyj,Fruity,Cold
yuj,Fruity,Blood Pressure
jyju,Fruity,Weight
reg,Flowery,Stomach
gre,Flowery,Nerves
bgr,Flowery,Nerves
cami,Spicy,Nerves
cami,Sweet,Cold
Benjamin,Earthy,Stomach
kat,Sweet,Stomach
Leslie,Herbal,Nerves
cdad,Flowery,Cold
